{"cameraMode":{"drawMode":0,"name":"Shaded","section":"Shading Mode"},"sceneLighting":false,"audioPlay":false,"sceneViewState":{"showFog":true,"showMaterialUpdate":false,"showSkybox":true,"showFlares":true,"showImageEffects":true,"showParticleSystems":true},"in2DMode":false,"pivot":{"x":0.28290989995002749,"y":0.31384027004241946,"z":0.05908656120300293},"rotation":{"x":-0.00006396547541953623,"y":-0.9998598694801331,"z":0.016498755663633348,"w":-0.0039071859791874889},"size":3.7125000953674318,"orthographic":false}