{"cameraMode":{"drawMode":0,"name":"Shaded","section":"Shading Mode"},"sceneLighting":false,"audioPlay":false,"sceneViewState":{"showFog":true,"showMaterialUpdate":false,"showSkybox":true,"showFlares":true,"showImageEffects":true,"showParticleSystems":true},"in2DMode":false,"pivot":{"x":-3.620939254760742,"y":0.44901594519615176,"z":-5.100228309631348},"rotation":{"x":-0.00724308006465435,"y":0.9585045576095581,"z":-0.024446818977594377,"w":-0.2839434742927551},"size":8.727179527282715,"orthographic":false}