{"cameraMode":{"drawMode":0,"name":"Shaded","section":"Shading Mode"},"sceneLighting":true,"audioPlay":false,"sceneViewState":{"showFog":true,"showMaterialUpdate":false,"showSkybox":true,"showFlares":true,"showImageEffects":true,"showParticleSystems":true},"in2DMode":false,"pivot":{"x":-1.452366828918457,"y":-1.9969956874847413,"z":-3.0785341262817385},"rotation":{"x":0.08548428118228913,"y":-0.9121801257133484,"z":0.315504789352417,"w":0.24715059995651246},"size":8.30714225769043,"orthographic":false}
