{"cameraMode":{"drawMode":0,"name":"Shaded","section":"Shading Mode"},"sceneLighting":false,"audioPlay":false,"sceneViewState":{"showFog":true,"showMaterialUpdate":false,"showSkybox":true,"showFlares":true,"showImageEffects":true,"showParticleSystems":true},"in2DMode":false,"pivot":{"x":-0.22281432151794434,"y":0.0660320520401001,"z":0.5545369386672974},"rotation":{"x":-0.12174337357282639,"y":0.2862880229949951,"z":-0.036700863391160968,"w":-0.9496704936027527},"size":2.328941822052002,"orthographic":false}