{"cameraMode":{"drawMode":0,"name":"Shaded","section":"Shading Mode"},"sceneLighting":false,"audioPlay":false,"sceneViewState":{"showFog":true,"showMaterialUpdate":false,"showSkybox":true,"showFlares":true,"showImageEffects":true,"showParticleSystems":true},"in2DMode":false,"pivot":{"x":1.7369908094406129,"y":0.07416582107543946,"z":-0.1518397331237793},"rotation":{"x":-0.36230188608169558,"y":-0.17708122730255128,"z":0.07031824439764023,"w":-0.9123797416687012},"size":6.22894287109375,"orthographic":false}